{
  "0x9E7c746f3D731Be251986A305aA8D1206ca6Ac69": {
    "amount": 4.7719623026925
  },
  "0xfF08F103A63A653D518bD9f8A837b795c6f110c3": {
    "amount": 9.543924605925
  },
  "0x416834D1d9131766c3836A8BDf3C22856F793D01": {
    "amount": 77.30578929075
  },
  "0x2C00637a8CF228B8e882aB0BDfCDA22c159E1E6C": {
    "amount": 4.7719623026925
  },
  "0xd144d53288709fe3f793028A6cB5AE3bE5e4b017": {
    "amount": 9.543924605925
  },
  "0xcfed01b111deaca96d9595f9530fff2722e77e43": {
    "amount": 66.80747223337501
  },
  "0x604f91D90800d36CB244d836DAA79128dD3A59bA": {
    "amount": 4.7719623026925
  },
  "0x9EC3b7BA844490EFC78Cbc686877Bd8B671191f2": {
    "amount": 83.986536513
  },
  "0x0843b362575D73C7863e53076EA60A6d901eeD85": {
    "amount": 76.351396842
  },
  "0xB80e46B86350f19944371b9F60C5F98f29680269": {
    "amount": 233.826152810625
  }
}