{
  "0x907D6887038F7DBa46A75Dc47175647A12A237b4": {
    "earnedIncentives": 0,
    "eligibleTVL": 0
  },
  "0xA2F3C9230d62DA9D088A07F0850F5f98A243ce4C": {
    "earnedIncentives": 0,
    "eligibleTVL": 0
  },
  "0xC181319758B969D9Ea722e73b1b0536CAc8C08C9": {
    "earnedIncentives": 0.7510068044490938,
    "eligibleTVL": 0.7510068044490938
  },
  "0x596938c9d34cB4e2280254b13E612e56a4FD612c": {
    "earnedIncentives": 1.9129747535680601,
    "eligibleTVL": 1.9129747535680601
  },
  "0xb1002a7094CFf7dB98F767ed695f681f117C79EE": {
    "earnedIncentives": 0.09583021739744273,
    "eligibleTVL": 0.09583021739744273
  },
  "0xC1B200B1f4eBb8Cef586f1dc81944996Dc8C332A": {
    "earnedIncentives": 34.102035201087745,
    "eligibleTVL": 34.102035201087745
  },
  "0x6c5802c7b8C2Ff527F3ecD19B75f21a32239687a": {
    "earnedIncentives": 0,
    "eligibleTVL": 0
  },
  "0x3402a2b2823E9DFF756c262881eEC55334588128": {
    "earnedIncentives": 0.934151802654577,
    "eligibleTVL": 0.934151802654577
  },
  "0xAEb977520d1bcf3a17E2Ecc99682EF5268941ce4": {
    "earnedIncentives": 0.8101083926893157,
    "eligibleTVL": 0.8101083926893157
  },
  "0xaaC9aC55cE1580Bf9BAFe641731E81A5681CdDfB": {
    "earnedIncentives": 0.4505749320862442,
    "eligibleTVL": 0.4505749320862442
  },
  "0x09A39a6C493EcAf41d3007F10A450b6D871dC989": {
    "earnedIncentives": 0,
    "eligibleTVL": 0
  },
  "0x377b52E464f8658E7fa25BAE80D531e296b81Cd2": {
    "earnedIncentives": 0,
    "eligibleTVL": 0
  },
  "0x5BABC07cAa82b33361949f302Fd6612627759699": {
    "earnedIncentives": 0,
    "eligibleTVL": 0
  },
  "0xDF3d23081BFb586f7b00eA0F1c64693206849C51": {
    "earnedIncentives": 1.4140856226458653,
    "eligibleTVL": 1.4140856226458653
  },
  "0x6C3f8f44780BaFd6083217fd5F9ef7F15e43FD45": {
    "earnedIncentives": 0,
    "eligibleTVL": 0
  },
  "0x805aCAe4abc8A1F73D00B867e769db6820c33dB1": {
    "earnedIncentives": 0,
    "eligibleTVL": 0
  },
  "0x7711BBD5AC59c79c50f54301eb64148C143c234b": {
    "earnedIncentives": 0.11836836808258788,
    "eligibleTVL": 0.11836836808258788
  },
  "0xd799cCB779B04b523dcBB64dc81B4887ba9c61e1": {
    "earnedIncentives": 0,
    "eligibleTVL": 0
  },
  "0xEcAFf17c17e97EafADdc3460A2ab3AEAc99C9107": {
    "earnedIncentives": 0,
    "eligibleTVL": 0
  },
  "0xce803D6e87fd5865579b5c4c9E5d5B3Fc4db4af1": {
    "earnedIncentives": 1.2791218676736178,
    "eligibleTVL": 1.2791218676736178
  },
  "0xC2656a75952b7C23bcf50b69d5EF117C95Cd1d89": {
    "earnedIncentives": 1.112050285903116,
    "eligibleTVL": 1.112050285903116
  },
  "0x09cc7c868913CF5FEbF75c5C720a764B53C7B869": {
    "earnedIncentives": 0,
    "eligibleTVL": 0
  },
  "0x16cdBf55bf8fB973feaC4d948d7F1ff3458d4Ee6": {
    "earnedIncentives": 0.006837720812447034,
    "eligibleTVL": 0.006837720812447034
  },
  "0x9334f2334b2b08c35E207B4d66A8683b409127ae": {
    "earnedIncentives": 1.4237225604854495,
    "eligibleTVL": 1.4237225604854495
  },
  "0x5b2563f622E24C14166C32d099BC2e8b74be85F3": {
    "earnedIncentives": 7.16876447742487,
    "eligibleTVL": 7.16876447742487
  },
  "0x2122cDcb813C6E4CD4c250271Af974ADCe539eff": {
    "earnedIncentives": 0,
    "eligibleTVL": 0
  },
  "0x02ff434BcA2A88b7e4eB000c2f8e891B2d8397a0": {
    "earnedIncentives": 0,
    "eligibleTVL": 0
  },
  "0xe8C3ffb90938ab3bC782c7473280f9d461DE65Be": {
    "earnedIncentives": 0,
    "eligibleTVL": 0
  },
  "0xF65264C515dbCD442391c3f917408A20F49efE13": {
    "earnedIncentives": 0,
    "eligibleTVL": 0
  },
  "0x410C0b8a174E0edBc628E9e1b36F216d241dD493": {
    "earnedIncentives": 0,
    "eligibleTVL": 0
  },
  "0x874c85194838A993714C0A753a934E66867e423b": {
    "earnedIncentives": 0,
    "eligibleTVL": 0
  },
  "0xc680236221319E7263f1419C5EC23c48d2649320": {
    "earnedIncentives": 10.792995274094404,
    "eligibleTVL": 10.792995274094404
  },
  "0x12CF729E99724a37ac4181dd40EA33Aa7c517D65": {
    "earnedIncentives": 7.411232955560444,
    "eligibleTVL": 7.411232955560444
  },
  "0x21120Ab33409674C26E92c67F6A04bb66D1aC307": {
    "earnedIncentives": 0.17814184574969733,
    "eligibleTVL": 0.17814184574969733
  },
  "0xbEcf79bf8432D84D7aCEDBB681E9c2f1D1459E4C": {
    "earnedIncentives": 0.5912852966393727,
    "eligibleTVL": 0.5912852966393727
  },
  "0xe2Fb474709aeB37022Fa40789f71Eb2Fa116A923": {
    "earnedIncentives": 1.4472602414348619,
    "eligibleTVL": 1.4472602414348619
  },
  "0xE9FB34810F5b4547C2CD6a00fAdEf8D5D1F476E4": {
    "earnedIncentives": 0,
    "eligibleTVL": 0
  },
  "0xdFFE56572f4bfC0d22e87551Fc153B1D7A5404cE": {
    "earnedIncentives": 0,
    "eligibleTVL": 0
  },
  "0xF0FA656746269B7A7328c3E5f106939E80e9e809": {
    "earnedIncentives": 0.3957853726636473,
    "eligibleTVL": 0.3957853726636473
  },
  "0xB1CBEf1F8FD2f5Db42e8dE1178aeb6946cA75907": {
    "earnedIncentives": 0,
    "eligibleTVL": 0
  },
  "0xEc601aA7f88F51843381A2fDb0C8869cb291B122": {
    "earnedIncentives": 0,
    "eligibleTVL": 0
  },
  "0x9964d4e2deCd45F7b6808deDc254a2C08674D92D": {
    "earnedIncentives": 0,
    "eligibleTVL": 0
  },
  "0x9D169b8e73c1707D7A315c5C5069F656236f12BB": {
    "earnedIncentives": 1.5112722380859533,
    "eligibleTVL": 1.5112722380859533
  },
  "0xC19dF52A6c3750081e182561814cF45a9Ec65749": {
    "earnedIncentives": 0,
    "eligibleTVL": 1.5112722380859533
  }
}