{"0xc0547915200951751cefe7eb5090b41fb038b909":2521.343972588078,"0xcf6dfb2317020f6422e39993e82738e33cd678c5":2461.884184289249,"0x7f23dc430af70abe865387d5b1fdc91c27daeccb":1134.203555554129,"0x67af047e3b7ad1c90ee1daef866fe027e757e2cb":979.8365836021734,"0xe46d2114a72f154547564739673c6416b3921eaf":702.922658293779,"0x0844f379be6e5b7fd4a6d8f7a1b5146a68e23e9f":452.41387542006254,"0xd19928dc9e2483c39a3cfd56fac9517ceedd2976":429.7755101380769,"0x470e6c6d2d281cc480445dd239591ed7e78cb679":385.24059688411785,"0xbecde85b4d3ae22bbcca9acef5e1027f98bed0a7":379.5433740993441,"0x2869d97779a4ad361be53dae514e7013093f91f7":291.895390029456,"0x860753f621477c54ba1681e4d330775135d89b6f":210.67743347061815,"0x8b7e6d31df0fee1c8dc353be6f40a243bb5d93fe":207.4751581924685,"0xc7de09ca14952a6aec40cec124d25d4ae4a204b1":206.59028645399934,"0xbe22038aa59d33110043159f9eaafd41faa904f6":205.46566095355053,"0xda17e8137562064e12cf2ba79d28610afe11d0ed":205.38184876524275,"0xf97e1c0dd0dce9a65a1d1fbe0a91209704d424bc":183.8603899929295,"0xb0afeb94d132e93295a6b248f8adfc74d5d7e9ac":167.1935942918356,"0x2d2a31a67d9c5d484c1b58ead1ad3e219d198dad":162.63373495756088,"0x68d904a2fb6c3e812f6106fd1dbdcf69bd49f625":161.7430991019263,"0x8ea12bb8ce61315abbcfd9795427bf25c98e82fb":155.75323306094953,"0xae08e332e8afdcc6e3171029eb9d0c02ab642d0d":155.12890341952095,"0x0547c4580ce540f8d069182c56d55a9ba4199bcc":136.52932990431566,"0x8e3cb468a4ae6ef416e9c5e52a9017aea8875300":136.27190217239215,"0xeeec67605a181191b415bd4ca4df9c3872a70567":133.23837319922688,"0x01554a66326ba605a33078a61449b52659a4058b":127.91397337605095,"0xecb612e4e0b9bfa896310fb6e81a226c410bd7d7":103.3095632191578,"0xd71766b5187a6266a477e0eda699cad2d8e56789":102.65678641229941,"0x92df651d1b23776d355283d13a4f0796fac321b4":97.08008097591491,"0xf3b4e9d2f4d13b1c97e7437102e8b538f6ed80fc":93.04040728469832,"0xf8705ba8da4c8dfd20393b92af21f579e21e0484":91.61409568696014,"0x4dc8c1cdbea688cc0746da054e1a83186bbf1e46":87.34210161884069,"0xd4dd61d6861530133f66ced7a719faac8b399087":82.00518704105313,"0x4c9c76507d661f6fbdb2e641c7fe061f1743f8fd":80.42708080961266,"0x169c13f1c64e27855f0fa0f7d320c3e2f2fc1c2a":77.76761367539748,"0x174d1319df75a94fd6cd4766bdf59f40fefd765f":77.32714524335424,"0xe6b4510ab32bec77aa676bcd2939b86a51f01d4c":73.76939676062567,"0x8f87d6af15e745118a452acbb7fdf13cf68ce02f":67.1073548574531,"0x5c7ec85efe4d05d7efd14822fb48ad0ac72a6423":60.910393592210895,"0x1e64dce40c52bbe4993ad07a58712a5120765a09":59.46277425610867,"0xabf3399b67a526180a5e105913c40e2da67af34f":59.01212333667055,"0xa957324a519b0d30bc108228d9ae8e34cc3159d8":56.81253116605581,"0x862de1a67b0abca6683fb09c2835826dde2ebfc2":53.077404555772816,"0x29dbe541f53277f7c743c8e8779d8f9d5b10873d":52.966007243317556,"0x97a93326347bc5015d9a59df1a9c0293aaa60cbd":52.610536503195405,"0xf74dfb08b599727400d53fe92197c9ed310230a6":46.98230720039946,"0x3295d634762e4f3227bcb8c790c157e46e38ae1f":44.663870447587435,"0x4417dcb75b949ca95eb8ddd7af9737852dd27211":43.488411026371914,"0x491c597e1248ba5a8a19282cf9f45c7b4cfa56e6":43.42973939606402,"0x8d71ab6b349c78172b2c8ab3f4e04feb7c1aa320":42.620405520068275,"0x81ed22c4bb43fa6e2ed89cdf2eeda6597b06f0eb":38.77199492747783,"0xff206e6bae27a081b5b9b73aa29aee71aba8f969":38.51619153859869,"0x763a9efa7aa75b9de4941c6c30dbd457b4ea3298":36.574489687833,"0x0bf185b3bc8e09bfef413213d8be1cdd0ded9261":33.88048874120476,"0x7f774600b4c0bea64854e630d7a2e415e5e8f0be":33.78124610186278,"0x9563db0356596da42713d3c420340f1637cba246":32.980621264807,"0xf21fdc9a4aa2a05894a4660f0dd654105bc7f755":29.701091646462945,"0x169b1592b8d10882eb1f18a0c6971b4a6c6139d3":29.12539042229206,"0x8bb9b9a343c7593060307da54ba505f29c6461ff":28.37143858597638,"0x5ef7cdfe1f79902b0e9f77352c451096dd61efb1":27.20419071794159,"0xb214774949ce33860176373fbc162315eb45f176":27.16945530664559,"0xeac73930a507d81ea54644b0873daaef5c8dcede":26.260771616515417,"0x4c2e68bf5905afa22f0b4a021e6c43db3d81e9bf":25.314028673575397,"0x9af8618591067b80e2ee6202795c5d799335b79f":23.995181940614447,"0xc8d1b10be2885a3d822d415ee4b6f825a6387d70":23.678856183209543,"0x38716cba180d5bd3a4e51c6303a861a1e8fbef52":22.519240406528592,"0xbc08be802540eb7eb3d270d16e42eb0ee5fd23d0":22.466120809935013,"0x9c7cdd8d1185d5f4484e3c672239a7a6d9642746":22.39039934568076,"0x342ae31fb3185bf199e683af0bd1e51de0e14ad8":19.21138409536652,"0x5b75ca5b2ba36217f7c1a7f1e7f1c341bb98c7d0":17.96080752550306,"0x134122e2388d1380196056eb77f9a8d7275e9a06":17.662172938915056,"0xad219a51e78094b9ec967c48e478705bfd4df61b":16.719633722684716,"0xb0157472b2b512a6426172bff7c4126fdd9c5bc8":16.2712839745786,"0x484451cd2cdf7f6b0d284fb4fa84a2d60fba43cb":15.987778435311686,"0xae938d1bfbeefd0cb21194ecf5aeab846ab08675":15.492173296251519,"0x63e5516558aaaa72b0fa376ac3c4979652b60dce":14.6879649437679,"0x661df44f4d277bde7abe87c61398ae25e8b0155c":14.01449113446862,"0xb0ce9a889bbf3c27b892f23fc4434306ce60de37":13.559362304855075,"0xc692b565495b162d244feccfd1c8a3e93868346f":13.513209686489597,"0x7ae603069ea864a88b747471efd4135e9e9a1fcb":12.971170573357586,"0xb52007c83d10919e2080c5770faeedd5a078d576":12.919649009420562,"0x96e843c8a7fc24312cf0a81045e9d940e9f891d2":12.915829344566216,"0xe87fa5af548b1c221c48a18893ce709e810e89fe":12.615862723670276,"0x452d8ec1540de56aee1a8067580123d4a5c1f83e":12.613982481232993,"0xe93c56f95a18aa4c7f5959bdda4d65076f260256":12.369681050106843,"0xa3afaaf6d7949019bfdfdce2db610f51fecaaf11":11.420813078102308,"0x90343a0dcf3fa417c4f4769469f1913743f5cf08":11.294490896295692,"0x5e5f3138440d7a70994da52778096adfb9df2977":11.239025694554625,"0x9698c39d0a3308b0ed47e8ceaebcb258f6557347":10.406103978329162,"0xd9b33732acbff5e540e5d53edbc846c418848413":10.252698704102013,"0x6583dc108ebc5141d009e916c7fe94947ee557bd":9.99887793188593,"0xf47476628c20dbee4e25df2167e8c52e911c8f93":9.511596064329472,"0xeca5af8f09207041870904eaf29c6c6a6a85fe46":9.472706632447569,"0xf2f4e292088c4cbfa71ca9faf36a2b507729cf7e":9.340295427896736,"0x82bb71f5009603bc594e7512dbe69efda8fc459c":9.331101499527994,"0x5088f3d16c7f6f2539ed6b2e17fa2126673db592":8.750751397778739,"0xf200c900994636abeab1598c615e3e101deb4962":8.376736781831472,"0x5e56811affacacf9991f09983556297c55dd6263":8.301474805350468,"0x18c40e306f4e0e63f1f4bcf7141293fc38eaec5b":8.236365070117195,"0xf1ab3749ed730c465d5712354f48d790bf527147":7.815605392006031,"0x445d68eb7686e005cb517b516e24070af22dd80f":7.573590689623884,"0xe8cb33abc018d81e261ad79c4d4689202a112014":7.548815055850263,"0x178b2dc0cbc3c9a05664b4495c8c9ca78c00dd70":6.878285734541102,"0xeec7da4caa748bb3ac472f98a74dc65a76009fb9":6.7496689479618235,"0x2fa1b1f5b28a5a877fde49bbbdcb390138f91ec9":6.5584850111572335,"0x3e1b6c2d81f6a6e046bbef53acd410cee0365f47":5.644554906611561,"0x70f684e780caf03e60c68fa590e2f81d74e569c8":5.465144272858783,"0xf26238885ec90b58511a155d1953b2afb0502837":4.934399397468072,"0x6d6dea0ba1b24ccf458b4af40b669030531db8f5":4.896856187792138,"0x162bace9bf50dd547dcecff561f31a03f2ce3a8e":4.760946585747067,"0x95df1ec9b8ddcc1c05220a89846f3e72569ad269":4.6746002034730045,"0x5ac05558eb3a730e1935ce572e59057acc303ca8":4.574134523928936,"0xa3e0f009026123f4088773eab863b3d07db79901":4.404964256003134,"0x8b90bcab74b9ac8469d6eda92f9c3e17cedbc095":4.350581608151167,"0xf5577b00f19dfb38ff8d2fc7e1de1ac6c0e16713":4.260152418437605,"0x4638589163e6f38ba815011711e5b64bf43d4c9e":4.129314255977969,"0x1d764a4b8c5a5b35ad414fdd766635f829e1f2da":4.0796366185952,"0x34ad739aeb7e3e479014db7f77b34610aee5a79c":3.888730714899853,"0xf5d967379855e381d2cd8c34695e0d0f636bb5c5":3.7260072762626546,"0xf0021a518b80af167f175ec61bdae09b78fabbec":3.701969446849147,"0x5ab455903838a56c80eaf9495847180627b524bf":3.4507367553604604,"0xa6c5700d65eb269fb99bfb69adbcd5b3cb82df4c":3.186511807658963,"0x33ca3a7791a7643cd84fc69cf129b3abea9af764":3.0200188389834763,"0xe3cf03e1bf6fdbe5d7d1ad197590962367ea49e7":2.967112226380486,"0x89e244e029cff425b464ca39aec2f1a872e96f08":2.9638058815211346,"0x1aaab977ff71f3f1f9d2fd24d8ce09f07a488f26":2.8864434663591334,"0x44ce9fd12fb5634351b35f37acaa15bd9cb2ddf5":2.8373693932370623,