{
  "0x89471cc59494c9e278f6fdfc10100712e4c1283a": 1.8835804985073925,
  "0x4729880c1d8e240f95884b6d8662c015b6990e31": 0.022518505211652863,
  "0x1575a5aaaa60addf18631e8a5d1d4ef3d6c8e1c9": 9.773564629820227,
  "0xe615784eb53bc634a64e5cde34c816cd64963301": 0.1648279532252519,
  "0x2e040d6d39fd49575208ba68244561b573543ea7": 0.26888971879101714,
  "0xa93d4288758be21d22d24924aafd3e3922277b9c": 0.1067921827898703,
  "0x5799a1ed95821cbf88bcac35bdfcb46aaccce7b3": 0.0009564741233630743,
  "0x42928f54a5420735394ef84038cef1929408e500": 0.2037568404986009,
  "0x8cf30115260b9218fda018cfcc7038f950006d1b": 0.20694357014086423,
  "0x86d91d53e6bda4aeeb04f932470367f9c52504a2": 0.0027546213905107484,
  "0xba2e1899f5276f688253e8ea46e5b59a128a3859": 0.5944548410181507,
  "0xff99afcb2fc368bb97fa13c9d0ec89da979f5a00": 0.00003314222143845757,
  "0xcb5a4dcaddcfc985e04fb4098c003379dba5fdfe": 7.659537959419574,
  "0x826eb29de2bf68401c9a484815393ce57a7a7350": 0.6657802063694833,
  "0xecd735d44e12a96ac6c75f482b23565c8f2b84c2": 0.00018942191360053388,
  "0xcdfb59a916ac8d0c531af220585cf12443a1de43": 0.06037291294319768,
  "0x5ddfd3a3e652e8c5eb9d32a8897691a8bd208bf0": 18.823312331500954,
  "0x2ba21e6d8055374b6a279c65c04fa3ee390fef60": 0.045166227087531555,
  "0x691f0042fa03cacad7114b42e1e19998c95945e2": 0.2064260051918796,
  "0x853c94aaee967d2a105331703f80aabc6c948a75": 1.218109353540133,
  "0xc7f30a82a869bf64688be24e49462c7daa89ba58": 5.207900252482031,
  "0xf02a6eb1e3dd19dd4a2e0823af00a1a16c9db735": 0.0011174567866447346,
  "0xc50ebd6a19d4d300ba593f79833e20f6252fbe69": 0.005680736258206157,
  "0x72ce84955f6d4db9683ed218d2d6c1a3f10b2a88": 0.0002539156351251919,
  "0x5a5f5a4615abc191c10b9e54f6cb216748f797d0": 0.7518790739081143,
  "0x3c12dab0f95fafa02a6c6c83dd7bcaeaa3108185": 0.5249870344969929,
  "0x92c1f423b6ccaff00db0cec27cffc7c4f4698f57": 0.00014870169681134097,
  "0x6532fb93283a39f02dd8266dfcb8705dec04c6c2": 0.015041909823327022,
  "0x2425c5e89794e0c30c602617c01488398a3f5d8b": 0.027027053082938395,
  "0x76f02ed07eb60e707e54ea07e1648c616a5e79a9": 1.1361565466588324,
  "0x1d5cf0cae47b16d81a83ed2460cb6b6eb2afd61e": 24.06699956142802,
  "0x0fafccb52edcb326441d38e0dd071addcef9001c": 0.043086010728619194,
  "0xd1b5d3a11ceee8aa2215d14fb16771c793aec70f": 0.0000018416651558467223,
  "0x10baf24738aee84099a434a5967809d6eb2202da": 0.9784960218001764,
  "0xbc7b90017a80bed2c4530781c3c535c206493234": 5.385354231543314,
  "0x720cd7f7dc5c247662e9bed6ab8ac46616342304": 4.860663400833609,
  "0x6865a57e2718857728e0ba6d34dcabfcb4bc6c96": 0.06479414627204795,
  "0xd40c2bd6733066eba2406bd5a2470a783807d10e": 0.8366952170789496,
  "0xc3696e1b7453d91e19f83bb6b4a6cedfe4a490f0": 0.0008864332208135633,
  "0xf9897204d330fcd729a65315f4a9773019495d86": 0.006627946592501433,
  "0x43bf8db4ca35dbd9343b3f49df1d82077b51b356": 0.8859016957990609,
  "0x4ae673f8898408d39966de7ecc0bd7128b4b912e": 0.007297338375812243,
  "0xc1ba166cc2c249816db1e9d543368d80095ea33f": 0.024958197131832952,
  "0xaae00f2a452cba07c41a4cefba2850b2a82a99ca": 0.09605519544105882,
  "0x3367031f0dca8e788385a0f55558bdff8a2c25db": 0.006679127207705549,
  "0xc50147afe3decba7bacc97453b02cbc3f2aed50a": 0.018205094655641813,
  "0xdb2e02f4ce39c7c965a31056cf487206c62b7a0f": 0.09130809708907799,
  "0x13c90aa3ff88522a8b0f6f82d7f2225299fcb6d5": 0.03374323112203542,
  "0xd372b30f5d703d77f1dac81eb3b9ac5c6e7930a2": 0.0019156289701354533,
  "0x7e525f8e0b9503761592a2a2b3f9ac8e2bcd697a": 0.00007798565555548053,
  "0x4c7698b10626aa1582abcc9a191d5c0c9decf24f": 0.04894122962455397,
  "0x3656a06d10be92533119b166fbb9c7572fce7a80": 9.857188489716775e-13,
  "0x0735a3936193a2582fe12f0cb157c2b3bed76931": 1.3844914982499004,
  "0xd2645f07b873553621042aa499e1da490fba47f4": 3.373632842822379,
  "0xa46b695d91f4a50e237479bf71f2dc7e0c9b5120": 0.10382941489037285,
  "0xf594ff31ad2bc73324039a8d5ef0b07ad6105dda": 4.702686395654598e-12,
  "0x22acae0bb0f68d09407b6ac2d6bdb27c429e3873": 0.000002667876536755638,
  "0x8b161e58c6486a31f95d508b0dbdadb856b6594b": 7.521241750209911e-11,
  "0x78c73dfd4e67a0eabc4a5873816df959ff1fdcc5": 0.16941314127623522,
  "0x01d40ac3b0f2c13b34d0746354dcd98327b8e377": 0.14497370000870732,
  "0x14975679e5f87c25fa2c54958e735a79b5b93043": 0.7534450550598315,
  "0x5a49f607935d35d08383f7c81cf2456490587119": 2.3584806413535845e-8,
  "0x416eb54b41ef37deffd07c0bd0e458d01fd6f146": 0.7412498014953222,
  "0xcd93c05ba4b2a345106bdde15b23b100e80f9996": 4.112215273870534,
  "0x2eaec26aea6be4eecc11b51c526bbe508eeac133": 0.01469655529673311,
  "0x1c79d9007157b16b88d329c27d387298dcb56c28": 0.005207028816419929,
  "0x570aebce39a3d4049165f8705170ed61ee356907": 0.10122532177636757,
  "0x237d04b3eaa1a21804d40765e5236a2408440b7c": 0.00003832611401815178,
  "0x59c5e18a736ac6424a4253174cfd9625f5d5fef0": 15.084013634783828,
  "0x573a9a5c83ea9f878f55030eb79204eba846b345": 0.017247228903063322,
  "0x550fb4e0f8c47e851be2631831692277eef5c79c": 0.030170535542700768,
  "0x515edc0327c77cdb7758a14fccaa9abbc069b4c3": 0.5174218268900878,
  "0x88a6878abbaa13ae9918bc0c2e7300d8cb3a6b58": 0.037318249685597125,
  "0xc82c6f0f4dd9328e3c0348f6b9a7c08c86cd38a3": 0.1645583571234676,
  "0x4a2b09f4f10f1a873f9fca6541b89628eab07c1f": 0.15969011353676343,
  "0x5731560cb7af29b4a9cfbabd6ff8a5ff9340a461": 0.0000010744107389689873,
  "0x8378f0ecb8f8ec52fec6b0c308b24de3f767d9c6": 0.0027543716761282352,
  "0x57b14c15f48ac8a52875f3cb90f3bb75b31ec79a": 0.0029043929714122015,
  "0x2c9b17c98fab09b412f7edab37624f346b7de35e": 0.2148868272026046,
  "0xdbcb594b62f5aba69a9575da938a93286836228b": 3.3610800779358874,
  "0xca5d85126b5e6ee2278071c6d05bf9e75bf485b8": 0.47691191394463694,
  "0x81762e633e2ff343422e65a5d67ec6ace60bbe65": 0.08789215901322023,
  "0xda178e463a009be83273f373a7a52b64af35e321": 3.5445247925363033,
  "0x125c995c8df25134102bbf41f8cfb772c486a74e": 0.08553445385381613,
  "0xa2b6c41df96a3565b3e675a61e59a849a9af608a": 0.0031234640969035323,
  "0x19396e2e26c863f6b488e040f1477c1b7a54ec79": 0.000007779929872931162,
  "0xa389c4de605afb37e5a0fa3d1d5d7aee2093bdd8": 0.10993832335167149,
  "0x1a669bfc13fdaa895c1d917969bcf541081c9e4a": 8.68258182109719,
  "0xa92162ade375793230fc8dd53e1fbb554bfeb57c": 0.3785772566721434,
  "0x8d753926910da148ca582d4bae9176bd7a527ca1": 0.6519203784494128,
  "0xc29ee4509f01e3534307645fc62f30da3ec65751": 2.4989718710030627e-7,
  "0x556f4ed7eca1801895990d26f37d749f5551d543": 0.06497354986580947,
  "0x60318b16c32edf4c1a88395656209700cc093872": 0.069699841117392,
  "0xf1ed74708d277ae4cd3a0a74173fa6da81ae6999": 0.5621123799565778,
  "0x230c78836bf37700a8d4eb66c6fa094524f3f87c": 0.015578662095696723,
  "0xad136fbdc7f97d97f6b2c6461d18001223b0a5c7": 0.11259947670524333,
  "0xed34900514cc80396db8fe98c976ad79ecf17e8c": 0.02914255867663847,
  "0x0d96d73ff66c3518d6417e6c94614daa01b47b77": 0.4220481424352922,
  "0x21469900f41baec51e57d6b84c8e0115856d054c": 7.696180426795808,
  "0x1ceed4b97d743903cca0a79d238327efd78e03bd": 0.04997887344678726,
  "0x67d3b97634bf1a7a8e925cbb45a538af236c994e": 0.5831537131783078,
  "0xe2b5442b1af39fe31fc567a2b6205f312304877f": 4.908958393968148e-7,
  "0x8c2e2d21ccd3989bec5c3703e313b531d63636b6": 7.522932197064e-10,
  "0xfc5ec7cfb9b5e54a8c1beb28e0270eb58ed9304f": 1.0629775772843904,
  "0x22a678bd0fee566b56574dbe9568c2681c7695fe": 0.0031665595254371836,
  "0x3c8d064d43b4cffee79d2127a7b3f3e567c9227d": 0.041664810513134184,
  "0xba8030904ba8b5cc3b91e4d414952dfb9340659b": 0.02704192640908559,
  "0xf8e9bf3fae655f4bd962be29e1ee6395db0112eb": 0.3494855364063289,
  "0x3330d08035c205ebb7d782566179c8dc0ded22b2": 0.0024921545968207667,
  "0x31c0c5c1000272d70008b4ce28d7a42730faa6f1": 0.2266953319509723,
  "0xfa5910031fbfc760fdc7dfa569113b139a45ef74": 0.3786004272485893,
  "0x1cebc6ff6413187f5ccf9d106b6dbb7a32ba8b83": 5.768955417923709e-9,
  "0x40820a72c886cb14aa01c49329058943035ea385": 1.2339482279967092e-13,
  "0x10e6bdbef34d5279e729142a19b0bce07813b6a8": 1.9280740759017791,
  "0x9147291b65252078e9f7c9dd41a66650aeefaa27": 0.08058939301796145,