{
  "0x7573997c30c585f1a8aa480e6808f4bb34042d9c": 1.608332419796105,
  "0x642f17c0cdabfcbf7702ff5f751a7bd137ba04f4": 0.000034892148361941484,
  "0x1035e2d447d5804a1b1230005edaebb3fd195356": 0.00001082200726255891,
  "0xf519e1556b7b2136b07a4827e52ee3e565b45946": 0.000013383578555017558,
  "0x2b65c47becfa830d4d03d456c040b28a70ac4a24": 0.0001989738895546417,
  "0x0acc62bb1a33904be1a69eedfd46690ff7250e69": 0.0008136855277552299,
  "0x0af8b6854afa59666b310127474b57917941aed6": 0.00003515577712215624,
  "0x6822c50703a3b579412ee626cf8ed1d428dd368f": 0.8498186617414827,
  "0x7a5dfebe9db28a493c91f2f3e4c69ace38429703": 1.5204142044589155,
  "0x6aceb696c120677fb6c1c75dcec4bde875ac9e17": 10.003476550768514,
  "0xcad6e458b79a91b49b474c74eeecc3b1beec0f7f": 0.0006286479193343998,
  "0x09e7253691844bd315240195a51ff70b2f83ad2d": 0.0015152201860660916,
  "0xdc37f66fe579828b7d63013fe85f5049f726f389": 6.096636823997345,
  "0x2e9e6f8e475b430a5a5203c7e7411ed29a3cea1a": 0.0003804030142426816,
  "0x034b56d68662dcf95e5f71439c7535310e8513ea": 0.0010622602570114707,
  "0xf299d4090288536882468828b0cce3e89df4a6b3": 1.0541138333517308,
  "0x7bcd7a27178645251ae098738fd0f6e0201e3ad4": 59.787830743470295,
  "0x6ba44a444af0799a057555bfdd4536d30add323e": 0.00030854442715439975,
  "0xa15d19360be74bed7da165354f32d30f35c3e1cb": 0.00042509606100987063,
  "0x2389b58a6e5267bdf3f8d0c6c488de30358e8a26": 0.0004687766303860897,
  "0x78e74199563fa63a974ada9adcd1e3cb2e83ae45": 0.0005424001966623968,
  "0x516b62a008fbfd6ed00693be39b17105b166fb31": 0.000012650819334478689,
  "0x8b05f7672b2a5ae015affa3e034a86b5066ab6b6": 11.029895775336879,
  "0x4fc2c07d0cbe32bde5e421d290422fb03d1f314c": 0.00016370204223020387,
  "0xb0fb8d2d40314fbd48e22548b8383d656cc6c640": 0.0000801973072664911,
  "0x582c7c221b4353dd1a15dd54f99db8bcd1533456": 0.00002191422756202905,
  "0xe3fc3964e9ed690ec1a27784c188d31077ee90f1": 0.00011698859053573548,
  "0x339e8afc6cbb2ce0951507255be74f9612fce3ab": 0.00004945069923138015,
  "0xfc8bc918fd1febd7c3bcd92df9830105d732bdc5": 0.000007853573391113965,
  "0x11889d37c362187f053ec642673b21a22313ea8b": 0.0004985420997094439,
  "0x5da4d25cd9db33a481863e9b27c9d85d64681509": 0.000010982997900057803,
  "0x75ea5c905a019728eec629ae8f8e0b9ccf2d9321": 0.00006330268419304541,
  "0x625f9faa5e24efe5bf76dad35e9f13d01acf2ed0": 0.00023085698588493084,
  "0x85f7e5a213ab48b47aded149fa0a8dfc386ab123": 0.0021292663345176123,
  "0x291b796605cb84301c3087047200ae8164c3a6a2": 0.0031692629865313336,
  "0x4f33c90252fb108958710e857b71340ef92e5d24": 0.00019322890280397837,
  "0xfad8ea1125eaafdf171c703e33a339c4b9d0516f": 0.00007394962357672004,
  "0x2f74eac1e875d98cf0ad15dc1116b19e57053552": 0.8034533994356187,
  "0x0f21558bbcc2fbbb9eee9296279f85bc98f04ca4": 0.000015647777353855224,
  "0xd860dbc05dc69559bd5295b1dff1d8acbfe87767": 3.1830447143297347,
  "0x12f7c095cd91b1aba1a90e4b2d9a69d4948b5120": 150.99901826032414,
  "0xaab38c5cc7792ea24b459ebb62d78f2f24ea59f8": 56.46366903793777,
  "0xdac5d260d0aea1569deb96e031dae71e78145176": 0.4188291034677889,
  "0x861b49dcd57251343f687b8fb4c846d035fd6b5b": 12.611633521806874,
  "0x769497adb7ea4208fe0ed9baad49abb555537ed3": 0.004849475394137209,
  "0xb8ebdd5d9d8d05fc83a05ad18b89e3377b39eb25": 0.04734774162923461,
  "0x77468a4f397a1907a5cfdfc2859789f987d1947e": 4.9328636544911415,
  "0x135b3256d60b3178d1b40459114b9a2724db10a3": 0.00006744750047604187,
  "0x3640f64cece7417f4dd549fa32b0fe2150edf072": 6.073664829748396e-11
}