{"poolAddress":"0xd5E8f691756c3d7b86FD8A89A06497D38D362540","blockNumber":254085962,"poolName":"DaiPoolTUP","deposits":{"0xffab9013b5c9decfed7d0285bf2698b3ea9db352":0.00044443525690799,"0xfeac7b2bbbcdc103718e2929650aea060f20440b":1013.7719099712631,"0xfb61f642af3d00547e0d0577270d78e8512086d2":0.000006817195850412,"0xf9ecb4231f556ecc41ff8149c0caae66e842c898":5407.793558930007,"0xf961e5e6c5276164adb2865b7e80cf82dc04e920":0.000343981636386489,"0xf4e6232d2f86bd3399d956b3892d6b1893e1e06e":0.000023900147970394,"0xf39db550313a253a912746f6ddc6637a8193dcce":0.000100903545719073,"0xf1de2399973afc71953b248eb4c280b9ee631544":0.001189323224148855,"0xf16a809ac6ae471ffe3c93b388072d27d583b06a":883.8914004884873,"0xf149de346c1f9117fa7cd3800885b33aa133fbff":1.00430653264e-7,"0xf03281cea3893c1d6d3e10e2366aa5fd5fde6b2c":0.003247471207155467,"0xef09f565f0056033093ff3209d01334b8ce9cf00":0.00314299105021976,"0xeda1ba3a1cb1205f702816f1c30ea9a916775a5a":0.00086090861263923,"0xed49897346840472cc0fe51a1d7e2aeebc30284b":0.00016101708510095,"0xecd735d44e12a96ac6c75f482b23565c8f2b84c2":1.038413002567719,"0xecab99d718d199f652d6c98a80adeece5eef644c":0.001676716156293587,"0xec8abfd5cce0198914d76c733b5a0763a88da24f":15313.885483822889,"0xe5f19c4de34e6dcd1cee1dfb6941946f05aad23e":0.000460354982615144,"0xe4162b2966ec52b8fa7526305aaff798acfd996a":0.000031400786876963,"0xe39850266d9647e68763a9e951f141043461ccac":0.000676410802564726,"0xe1953ffd1a4e28473fd64d08d0b87d48e911ef2f":4.60976159e-9,"0xe13885bf9f5ca2d74a7cdae5e1fd9911086712ac":0.001460034378130812,"0xe0b7c02c9e321c05d07babaa348c21296b34bd90":513.0189428317755,"0xe0755509d13e1841f640e1f85104b92fa5f4ad76":130.44825997964426,"0xe029a1301dcdb627c84f383d6f2cbee2d9bcc320":0.10254878149188641,"0xdeea7465ba904b61b27ef1fabc6b2ba691f173b7":0.00112779298071186,"0xded415ab5050b61aca5621496eef5ad059416dc8":0.001636499720835761,"0xddf567488f91c86c41ceb90de54a34387976fe26":0.36536270738360843,"0xddf38adac8fbe4662274947fa80ac1c48f55bafc":0.000015710860235964,"0xda444e64a4dfba78d470e7bfd856e941c2eeb968":239.95242615644437,"0xd4c3021a315f5dc26f7e022e8a834a90cc6b0d41":0.000854547536592807,"0xd2c868deb8aafa6b3b8f5480a9dbea265e421d10":183.7587491249457,"0xcffa932ed8e2b4491e18dccb850aae83f3ab7af0":0.001885355763223104,"0xcf7c9319c6785a0e6bb8a3d89bd84dfa23926fab":0.000829592155898401,"0xcea5bcdd45b8f9f5d6c245f4001097d952006e8c":0.000285104990668568,"0xcb9b57dc6fee7836be375c41b48d46bee688ff40":0.014491432519614423,"0xcb5a4dcaddcfc985e04fb4098c003379dba5fdfe":0.0946416008381873,"0xc9b7411fd802bdfa055cfd469d1aecac2ac64394":0.000067536047332429,"0xc7cc004f29a6a53619646a4c6a0a16f20eba7edb":17495.614521455154,"0xc6ba6bb819f1be84efeb2e3f2697ad9818151e5d":0.05883274948543068,"0xc6404f24db2f573f07f3a60758765caad198c0c3":0.00006270188289806,"0xc4fe677391aa8253801a085860a3991599d94796":0.000208397946419539,"0xc152cd87af2b3774e93ed2ad2523c90c576db5fa":0.0724686996624722,"0xbe2f89928feae8070a9d62b2837615e49ec53ee8":0.002821503752879116,"0xbdb2c458bef183ad00667206c19f00e8467d3d87":0.00022165313699916,"0xbd35ab95ad05dd15ca3bf3257fc68655ce6b9f78":0.01894311582741088,"0xbc809291c200df7cb81d3b9ba34db4327446a832":3.553092107372112,"0xbc0715249fe085ceb0541d49d68bd0e3362969bf":0.000027751406658252,"0xbaf6610405bd8c60432fbd329885dae617e647ca":0.003643708638827129,"0xbaab80996e31dfedc754e41a7101188b9830c842":0.000255791401581494,"0xba2139fade8d0594998e82a97b10c2c7e73fdb2b":0.031290855218486624,"0xba0d95449b5e901cfb938fa6b6601281cef679a4":2370.570457389769,"0xb72a3d7b303e0f40f33a3bbdd36ffe30883e0968":0.001188660068178826,"0xb5dfce924062687f6a57996a680a823fde8022ca":0.000063543863088371,"0xb25f5ffd85a08971d657a9a28345d401f9f65cde":0.000141323162786479,"0xad1545c2969003052f8b9a5817d3240538048214":2246.068129683728,"0xabf0f7bd0dc8ce44b084b4b66b8db97f1b9ce419":0.22793611645334202,"0xaba46af4a1587771bf6997864cae5d67910ea545":700.5318082796962,"0xa9b9d44183d982cb2e2e7f7db8dc95e92f5048df":0.000017534816780903,"0xa85b784d302723d1dbb7ca84d0887cbf4fd6b636":319.50024606967605,"0xa58effc4a322a1e39a183c4ba16098beb70a2dc9":10.109806794182502,"0xa47d61d81a23e50fa0bacd591f6cc79ac96241df":0.05338718356363782,"0xa3653544812105b666a11b2d98c64cabf8cbaeec":222.75197150479764,"0xa2425918f30af40db42b7ed6197be7f7be43895f":0.000848662424033507,"0xa0bafc7f0a066dd8ed89cf29d90b3032c91b851a":0.00031189069121443,"0xa06c44151e84a85456a1370cc73a23848d1802ff":0.00063333282129726,"0x9cbbf32c53e58e0f498155cf63f0243ba03eff1a":0.000059192170977461,"0x9a49d5a3f60351760be1e03cdaa2fe353a3aa574":0.000018627147407122,"0x97e51dbcd71a7389a358bebf801a154d0e21ba9b":0.06958150139760458,"0x97b418f3f1abe6810bed881cfc298491f4b93bf6":529.7739873823118,"0x968f06d986718a27f89c4bce51d06d6472913394":0.010086291383028929,"0x95c127ba6f48e9e4b320076e7dbbe4da2b09ae7d":0.000343914175099147,"0x94e03e53eb477bf1223ababde81519743bacee3f":0.000944509206886318,"0x91c09c1dee357f430003d393984256fd0a569a8b":0.000632743954668809,"0x8fb20c72139b2a971ab814503d61111349f8cc78":0.002528933826670497,"0x8d8fc7cefc1be3fec4c7e944cb84de56fd807739":200.39178773004787,"0x8c1a4c98c470900567fb9e764243c89cda79400c":0.006617694262776962,"0x89cf7346379b28331d8cb0c559faaaba65e39be4":0.030530883921576962,"0x89a7e45db4759bb14e689e4c0fc4f648dbf2b0dc":47.95355553797591,"0x87e10ab4eee0dd552b78e6456e8d1718c2673bff":1177.6719634557185,"0x85d72c6922479ba67bf85f11cc1e3e21d6074bd8":0.00126748963567585,"0x826eb29de2bf68401c9a484815393ce57a7a7350":0.8580710975019684,"0x81762e633e2ff343422e65a5d67ec6ace60bbe65":0.000013115007092607,"0x8075df8a555048bff338b04e7af5de5ee9565f73":0.011269848794235258,"0x7fa6c2e57d9b21026e60a73cfc3fa2c8b84b0dd0":0.000673957601275945,"0x7e98e142259d873bb65f33db8eb33d6a427f1e4f":0.00027553427391387,"0x7e1b5236baf7e6ba503601c932fdaedcbbbe71ae":0.000082398207328426,"0x7d658841f8ba93299970f6e765c2ce205f1e70dd":0.002149910777419352,"0x7cc3bc95c99dd5a6b9e8a59f42e60860bc6753b1":0.002682053843320428,"0x7cbba81f93f6ef3b3e0f2adf0a27f843fa3d6d78":0.000580620395562107,"0x7bff6fc88f9d621cf79c00f04525ee5aeb9b40c5":0.000754069893363077,"0x79c1e502c1e02e37ad0e40fe7758e8e66aa2a5d9":0.000055794826060967,"0x777c0318dd68467923e34b6489cea0f56d297d74":0.000471228061296268,"0x707ef25d4d67f92ac7f62804d391552370c4dd89":0.006503425837868106,"0x6c72d008c37eba7295d878f57faff902eb7b21df":0.000031397937705061,"0x6c21a841d6f029243af87ef01f6772f05832144b":1.2310717086904688,"0x6947fdba6ee593539c5979d3dc67bee0f178c5fe":5.24283261846e-7,"0x691f0042fa03cacad7114b42e1e19998c95945e2":2515.8123150191805,"0x669c9af178c142bce14d09e9f730ad385205e478":0.000009118391229759,"0x64c367fde649d8977ec901bc5ebd7970f517d908":0.000636955922789652,"0x6439515fd4c614db33ccd0515663b1058a22cde0":2.38055527338e-7,"0x63a52844844afd1f3815c45b82db6fd386e6f38b":10.022449441212514,"0x62872e11ec5bf43caf285ee6bf735dd8466c9680":0.000018580295792528,"0x6241e0edcb939c94c7db830abd0b24648517c634":0.001596430736555943,"0x60ad81273c776aea562faeaa601ffc1680ae929d":0.01360116655661775,"0x5e927dc1882787addc8d757cfa78b0fc15b09572":0.000279605863085455,"0x5d0ac389c669d6efe3ba96b9878d8156f180c539":0.002170764674354999,"0x5c9f835a93b71ce6cb266199ef0060e277164a47":0.001704622046224762,"0x5c23bd1bd272d22766eb3708b8f874cb93b75248":2.1086001037854922,"0x5b46de6901fd09c5b28022418294e83a1d6f0929":0.000456704083606492,"0x5957071d5fa23eaeb5a0d3fb4fd801011573abfd":0.002220878383474676,"0x571246cc386ad2193ac840cf78ec8f893d43231e":0.005313066764793228,"0x55a2f4ee76f9e34f683ff73827f924866f472a84":15411.09608814995,"0x54b33fa0824155fe400a862731053d778c0319c2":8.960612e-12,"0x50d557896e8dbb55d50c70e99200177d664f4481":0.04174671367303358,"0x4eaac96f2d275764ad7259c303fc932d8f6b1e49":0.001129618332557678,"0x4e4f010abec5d7d75409b469bd0f84ebba40bd7d":0.000284495193102815,"0x47add9a56df66b524d5e2c1993a43cde53b6ed85":0.000133275127753563,"0x4373620f9d941e18372319a7b53d54f3c4d7812d":0.000021688973223576,"0x3e3e03f3ee0e1a7f4af89be3822c8c7538e432c3":0.00307742056750177,"0x3d9c97137449951f69cbe6a9ccac6121274a89fe":0.00030598771317061,