{"0x3204d81c73f8100766c1691a67078b16ec7c142c":3.72116016,"0x72278ab765cc472c32fda4fac8cc0f6fbaf658be":0.61915648,"0x1af03e5b75d3319323751544cfe8aa85d368597c":0.55958581,"0xcfb331ade6d66ad1cb6765a2dd51ad3aa9a1400e":0.160451,"0xdcedf06fd33e1d7b6eb4b309f779a0e9d3172e44":0.00578401,"0x8c6b6742a6aa785f2a84abd813f5acb25651fba9":0.00311427,"0x523d656206022cdd254b2190f202107fe8533c56":0.00281758,"0xcafc58de1e6a071790efbb6b83b35397023e1544":2e-8}