{"0xc7cc004f29a6a53619646a4c6a0a16f20eba7edb":15778.876746759426,"0xe6834a856e6e8f45f6a4739550aee623f5a81446":1852.3535408279763,"0xdcedf06fd33e1d7b6eb4b309f779a0e9d3172e44":504.32146611397644,"0x9d8c9112384967260078f1161ff82e40c0da81a5":459.29260130556196,"0xa2672e525c07592f7bda6b4d7dbfcd8d7d17820d":1.6871146824057544,"0x4b9cf9153935e17000d896e78f4230ecd3d9d997":0.13193665407446714}