{"0xd21a12b3fb7e8c622de672e2647627393cd530d4":15655.931711316696,"0x7547f6c452f8964835339a685dbb5935aac7ffc7":2367.3870708796153,"0x7092def53deee04c1a48188bdabd2e5cf96330ad":1741.4707425329893,"0x82627e71deb0f0e131df15a3cd5249dc01cdd0ff":1354.6745157493297,"0x4ff0567b3f1374cc5eef90666a078da0c4656dc7":579.3674466162568,"0xdcedf06fd33e1d7b6eb4b309f779a0e9d3172e44":305.101707069468,"0xa7fa91f32cf9e6ee6a4ad6f5060e1fff00b5d86e":171.35791608541513,"0x7909acc2c9fba6cf01cba70e5f00e6b47ca68b55":108.15925718467068,"0x9222c7e7c839b26ed2d498897fdcffdb229ae111":79.99916279260997,"0xbac7543009300e222f11bbc56c89a2fc6aca3e8a":49.9552172289312,"0x986b74ec0a06357451f87c2b09633b362b73e9da":49.90435703598941,"0xcfb331ade6d66ad1cb6765a2dd51ad3aa9a1400e":21.34415931136439,"0xa1f2324eec16bf201475c1765caeaef963b7873c":4.852536222871517,"0xa799cf9a9242eb89d77a61571fb14502f6ba453c":0.09905497835229105}