{"0x5c4eb1909fb21e39fc45ee753420aedeba07f3ef":5.250776461503884,"0xa6ba5f22861a9c81faa8cdb5e3287cf64b83a6cf":2.8782228426582277,"0x148e89eccc1aabd640880862b46521e362d4d53f":1.3732183433129257,"0xf61c5cb2f94c581b653af61917b67964e5aeea81":0.983941889269135,"0xf4942a4480277085db0930ec026e815c6e5f14c6":0.1774719207327003,"0x523d656206022cdd254b2190f202107fe8533c56":0.04486401430194701,"0x7909acc2c9fba6cf01cba70e5f00e6b47ca68b55":0.040481068157187015,"0x281d445ccb1549097dcb055e363716bca616f486":0.019809917610316256,"0xaabc22527ace6ddc2c8a957da233f760b9f7c47a":0.009094792890215229,"0x21c795b221821c335a63c96d171dedd294c6efd8":0.002618940065608527,"0xeaa12548379c669c17068e65315c3c0382c875be":0.000045041582448191}