{"0x9910c718c0602a84266dabdfbe9a9e90dda9aa5a":234677.788404,"0xd0bf0ac3ca5df7add140a606db70596579b3829e":72673.253761,"0x97cdd8176084b24ae8a385d4ea9177c31ba0022b":46215.708301,"0x86004cb5440ff1b30d267f7e5e09491a7cbebc96":10064.258482,"0x36358a1597db299033b16fda567010d53c0a4eda":5296.542335,"0x52fbfc5741d70ffa9bc6fbc8a06aa3c570e4657c":4538.185367,"0x3e5d4d9867afd50d1febf5dad725daf45392ae0b":3916.824089,"0xac5cf02051fd3aa995d9b7195d679242186d2f05":1358.434694,"0x0dc678aadbce30b77b05aaa8eec7fe52d0e5b0e4":921.299675,"0x3596bd2e7aeb9b8e412ce03733ebbee92d78a85f":467.312957,"0x01e2ba6696dac0dddc0d181aef4169df5b9fee59":85.46002,"0x75a141bfa4a83d4608986727ef18dbfbf8c0d45a":57.94959,"0x95ca5e1a9559417dc20925af98ee21ce7a248f60":53.197518,"0xe9d790a507d0c1821bf20c419b6b67be07d67891":51.750379,"0x6005cb30a7f3edd1f71459c0bd2713b284db1f2a":49.530161,"0xe800f16ff5828f46be4e08a210e0001d0a24a13f":48.793389,"0x3b76851cbeaf4da062637bc749aec276d03b9f91":47.5581,"0x66cb112e729b2a6d31d96f09439670406532665e":46.693294,"0xbfca82bea8046aa6b26c2c9ac1a71927aaa1c80a":42.32629,"0x0b44e71e2836e4ce322407cb42009b41b09c86cf":30.059613,"0x80269e02c724407e6e0be28dd8a9304c72b5715a":9.890548,"0x4e1f05201e80f0a22c788d0a3b9d1fd553f88ad5":9.403248,"0x0e5bad4108a6a5a8b06820f98026a7f3a77466b2":1.020331,"0x4b9cf9153935e17000d896e78f4230ecd3d9d997":0.081956,"0x435fcbc37c499cb8197df2d843e7c21d2e77cabf":0.015787,"0xbaab80996e31dfedc754e41a7101188b9830c842":0.000023,"0x77b9dc4e88e97fb32ad5c028fcaec037fabcc8b0":0.000004}